suburb,state,postcode,property_type,buy_or_rent,bedrooms,available_in_the_past_month,in_the_past_12_months,median_time_on_market,interested,rental_yield,Median__price
melbourne,vic,3000,house,buy,all,4 houses ,5 sold ,38 days ,265 buyers ,2.5% ,–
east-melbourne,vic,3002,house,buy,all,12 houses ,21 sold ,67 days ,1806 buyers ,2.2% ,"$3,625,000"
west-melbourne,vic,3003,house,buy,all,6 houses ,18 sold ,35 days ,749 buyers ,2.6% ,"$1,430,000"
melbourne,vic,3004,house,buy,all,4 houses ,5 sold ,38 days ,265 buyers ,2.5% ,–
seddon,vic,3011,house,buy,all,26 houses ,98 sold ,42 days ,2132 buyers ,2.7% ,"$1,082,500"
maidstone,vic,3012,house,buy,all,29 houses ,67 sold ,36 days ,1030 buyers ,3.1% ,"$880,000"
west-footscray,vic,3012,house,buy,all,38 houses ,125 sold ,61 days ,2052 buyers ,2.6% ,"$970,000"
brooklyn,vic,3012,house,buy,all,11 houses ,24 sold ,156 days ,579 buyers ,2.6% ,"$801,875"
kingsville,vic,3012,house,buy,all,12 houses ,39 sold ,31 days ,647 buyers ,2.5% ,"$1,300,000.00"
yarraville,vic,3013,house,buy,all,57 houses ,182 sold ,42 days ,4016 buyers ,2.6% ,"$1,257,500"
newport,vic,3015,house,buy,all,66 houses ,169 sold ,50 days ,3141 buyers ,2.6% ,"$1,260,000"
south-kingsville,vic,3015,house,buy,all,8 houses ,26 sold ,25 days ,666 buyers ,2.8% ,"$992,500"
williamstown-north,vic,3016,house,buy,all,4 houses ,14 sold ,106 days ,259 buyers ,3.0% ,"$1,021,500"
williamstown,vic,3016,house,buy,all,36 houses ,180 sold ,58 days ,2798 buyers ,2.5% ,"$1,601,000"
altona,vic,3018,house,buy,all,66 houses ,128 sold ,41 days ,1997 buyers ,2.3% ,"$1,192,500"
albion,vic,3020,house,buy,all,18 houses ,35 sold ,105 days ,666 buyers ,2.6% ,"$800,000"
sunshine-north,vic,3020,house,buy,all,46 houses ,112 sold ,60 days ,1082 buyers ,2.6% ,"$758,250"
sunshine,vic,3020,house,buy,all,50 houses ,109 sold ,76 days ,1288 buyers ,2.4% ,"$860,000"
albanvale,vic,3021,house,buy,all,32 houses ,63 sold ,35 days ,675 buyers ,3.1% ,"$600,000"
st-albans,vic,3021,house,buy,all,168 houses ,326 sold ,50 days ,1595 buyers ,2.8% ,"$690,000"
kealba,vic,3021,house,buy,all,13 houses ,41 sold ,50 days ,639 buyers ,3.1% ,"$699,777"
kings-park,vic,3021,house,buy,all,29 houses ,79 sold ,27 days ,514 buyers ,3.1% ,"$630,000"
ardeer,vic,3022,house,buy,all,19 houses ,30 sold ,61 days ,408 buyers ,2.7% ,"$679,500"
deer-park,vic,3023,house,buy,all,57 houses ,189 sold ,43 days ,1603 buyers ,3.2% ,"$630,000"
caroline-springs,vic,3023,house,buy,all,93 houses ,320 sold ,34 days ,3372 buyers ,3.3% ,"$750,000"
wyndham-vale,vic,3024,house,buy,all,143 houses ,433 sold ,25 days ,2397 buyers ,3.4% ,"$575,000"
mambourin,vic,3024,house,buy,all,37 houses ,36 sold ,23 days ,234 buyers ,3.3% ,"$638,250"
altona-north,vic,3025,house,buy,all,71 houses ,164 sold ,60 days ,1814 buyers ,2.7% ,"$963,000"
williams-landing,vic,3027,house,buy,all,64 houses ,140 sold ,78 days ,1482 buyers ,3.2% ,"$790,000"
altona-meadows,vic,3028,house,buy,all,63 houses ,193 sold ,43 days ,1795 buyers ,2.9% ,"$750,000"
laverton,vic,3028,house,buy,all,58 houses ,87 sold ,85 days ,604 buyers ,2.9% ,"$600,000"
seabrook,vic,3028,house,buy,all,22 houses ,59 sold ,31 days ,642 buyers ,2.9% ,"$780,000"
hoppers-crossing,vic,3029,house,buy,all,161 houses ,531 sold ,34 days ,3411 buyers ,3.2% ,"$630,000"
point-cook,vic,3030,house,buy,all,388 houses ,1183 sold ,42 days ,5749 buyers ,3.1% ,"$760,000"
quandong,vic,3030,house,buy,all,0 houses ,0 sold ,– ,0 buyers ,– ,–
cocoroc,vic,3030,house,buy,all,0 houses ,0 sold ,– ,0 buyers ,– ,–
werribee-south,vic,3030,house,buy,all,12 houses ,38 sold ,61 days ,306 buyers ,3.2% ,"$822,500"
maribyrnong,vic,3032,house,buy,all,28 houses ,117 sold ,41 days ,1512 buyers ,3.0% ,"$1,011,888"
travancore,vic,3032,house,buy,all,3 houses ,8 sold ,58 days ,278 buyers ,2.1% ,–
ascot-vale,vic,3032,house,buy,all,46 houses ,130 sold ,36 days ,3158 buyers ,2.5% ,"$1,297,500.00"
keilor-east,vic,3033,house,buy,all,58 houses ,235 sold ,41 days ,3245 buyers ,2.6% ,"$1,030,000"
keilor,vic,3036,house,buy,all,23 houses ,72 sold ,47 days ,2172 buyers ,2.6% ,"$1,000,000"
hillside,vic,3037,house,buy,all,41 houses ,159 sold ,30 days ,2774 buyers ,3.3% ,"$800,000"
taylors-hill,vic,3037,house,buy,all,24 houses ,136 sold ,32 days ,1972 buyers ,3.2% ,"$901,000"
delahey,vic,3037,house,buy,all,21 houses ,68 sold ,24 days ,992 buyers ,3.3% ,"$650,000"
keilor-downs,vic,3038,house,buy,all,18 houses ,97 sold ,37 days ,773 buyers ,3.0% ,"$785,000.00"
taylors-lakes,vic,3038,house,buy,all,42 houses ,127 sold ,30 days ,3093 buyers ,2.9% ,"$925,000"
keilor-lodge,vic,3038,house,buy,all,5 houses ,19 sold ,30 days ,496 buyers ,3.0% ,"$870,000"
moonee-ponds,vic,3039,house,buy,all,43 houses ,155 sold ,54 days ,3966 buyers ,2.2% ,"$1,540,000"
essendon,vic,3040,house,buy,all,53 houses ,192 sold ,52 days ,4527 buyers ,2.0% ,"$1,792,500"
aberfeldie,vic,3040,house,buy,all,14 houses ,45 sold ,66 days ,1764 buyers ,1.8% ,"$1,945,000"
essendon-west,vic,3040,house,buy,all,6 houses ,22 sold ,34 days ,678 buyers ,2.1% ,"$1,435,000"
strathmore-heights,vic,3041,house,buy,all,5 houses ,10 sold ,71 days ,532 buyers ,2.7% ,"$920,000"
essendon-north,vic,3041,house,buy,all,4 houses ,22 sold ,43 days ,252 buyers ,2.1% ,"$1,530,000"
essendon-fields,vic,3041,house,buy,all,0 houses ,0 sold ,– ,0 buyers ,– ,–
keilor-park,vic,3042,house,buy,all,10 houses ,38 sold ,45 days ,565 buyers ,2.6% ,"$877,500"
airport-west,vic,3042,house,buy,all,27 houses ,96 sold ,45 days ,1735 buyers ,2.6% ,"$926,500"
niddrie,vic,3042,house,buy,all,16 houses ,72 sold ,52 days ,1580 buyers ,2.4% ,"$1,305,000"
gowanbrae,vic,3043,house,buy,all,9 houses ,32 sold ,72 days ,607 buyers ,3.0% ,"$900,000"
tullamarine,vic,3043,house,buy,all,22 houses ,54 sold ,47 days ,890 buyers ,2.9% ,"$770,000"
gladstone-park,vic,3043,house,buy,all,14 houses ,123 sold ,22 days ,925 buyers ,3.1% ,"$740,000.00"
pascoe-vale-south,vic,3044,house,buy,all,32 houses ,121 sold ,44 days ,2223 buyers ,2.3% ,"$1,175,000.00"
melbourne-airport,vic,3045,house,buy,all,0 houses ,0 sold ,– ,0 buyers ,– ,–
oak-park,vic,3046,house,buy,all,16 houses ,84 sold ,41 days ,1177 buyers ,2.4% ,"$1,150,000"
glenroy,vic,3046,house,buy,all,72 houses ,197 sold ,48 days ,2166 buyers ,2.8% ,"$827,000"
hadfield,vic,3046,house,buy,all,16 houses ,82 sold ,54 days ,754 buyers ,2.7% ,"$875,000"
dallas,vic,3047,house,buy,all,35 houses ,79 sold ,31 days ,778 buyers ,3.5% ,"$532,500"
meadow-heights,vic,3048,house,buy,all,54 houses ,126 sold ,55 days ,1174 buyers ,3.6% ,"$575,500.00"
attwood,vic,3049,house,buy,all,8 houses ,36 sold ,24 days ,630 buyers ,2.8% ,"$1,002,750.00"
parkville,vic,3052,house,buy,all,11 houses ,26 sold ,84 days ,1239 buyers ,2.6% ,"$1,915,000"
princes-hill,vic,3054,house,buy,all,9 houses ,25 sold ,33 days ,974 buyers ,2.3% ,"$1,825,000"
carlton-north,vic,3054,house,buy,all,21 houses ,80 sold ,45 days ,2403 buyers ,2.3% ,"$1,625,000"
brunswick-west,vic,3055,house,buy,all,23 houses ,97 sold ,37 days ,2190 buyers ,2.6% ,"$1,276,000"
brunswick-east,vic,3057,house,buy,all,26 houses ,87 sold ,58 days ,2276 buyers ,2.7% ,"$1,360,000"
coburg-north,vic,3058,house,buy,all,33 houses ,118 sold ,41 days ,2202 buyers ,2.9% ,"$985,000"
coburg,vic,3058,house,buy,all,73 houses ,299 sold ,45 days ,4174 buyers ,2.6% ,"$1,216,000"
greenvale,vic,3059,house,buy,all,123 houses ,322 sold ,36 days ,4312 buyers ,3.3% ,"$884,500"
fawkner,vic,3060,house,buy,all,54 houses ,149 sold ,42 days ,1803 buyers ,2.9% ,"$780,000"
campbellfield,vic,3061,house,buy,all,11 houses ,41 sold ,50 days ,402 buyers ,3.5% ,"$620,000"
somerton,vic,3062,house,buy,all,0 houses ,0 sold ,– ,0 buyers ,– ,–
yuroke,vic,3063,house,buy,all,3 houses ,1 sold ,– ,92 buyers ,5.7% ,–
oaklands-junction,vic,3063,house,buy,all,1 houses ,7 sold ,36 days ,121 buyers ,1.4% ,–
kalkallo,vic,3064,house,buy,all,79 houses ,198 sold ,46 days ,971 buyers ,3.5% ,"$650,000.00"
mickleham,vic,3064,house,buy,all,197 houses ,430 sold ,45 days ,2476 buyers ,3.5% ,"$680,000"
roxburgh-park,vic,3064,house,buy,all,88 houses ,265 sold ,36 days ,1851 buyers ,3.6% ,"$650,000"
craigieburn,vic,3064,house,buy,all,269 houses ,1065 sold ,42 days ,4928 buyers ,3.5% ,"$653,000"
fitzroy,vic,3065,house,buy,all,20 houses ,89 sold ,48 days ,2469 buyers ,2.6% ,"$1,500,000"
abbotsford,vic,3067,house,buy,all,23 houses ,81 sold ,38 days ,2031 buyers ,2.8% ,"$1,340,000"
fitzroy-north,vic,3068,house,buy,all,34 houses ,126 sold ,42 days ,2845 buyers ,2.5% ,"$1,603,500"
clifton-hill,vic,3068,house,buy,all,20 houses ,88 sold ,37 days ,1949 buyers ,2.4% ,"$1,715,000"
northcote,vic,3070,house,buy,all,78 houses ,259 sold ,38 days ,6032 buyers ,2.3% ,"$1,675,000"
thornbury,vic,3071,house,buy,all,65 houses ,172 sold ,41 days ,4373 buyers ,2.5% ,"$1,467,500"
preston,vic,3072,house,buy,all,85 houses ,278 sold ,43 days ,4577 buyers ,2.4% ,"$1,158,500"
reservoir,vic,3073,house,buy,all,160 houses ,452 sold ,57 days ,4797 buyers ,2.5% ,"$915,000"
epping,vic,3076,house,buy,all,79 houses ,425 sold ,36 days ,2762 buyers ,3.3% ,"$675,000"
alphington,vic,3078,house,buy,all,14 houses ,46 sold ,38 days ,1134 buyers ,2.5% ,"$2,072,500"
fairfield,vic,3078,house,buy,all,18 houses ,62 sold ,49 days ,1515 buyers ,2.1% ,"$1,782,500"
ivanhoe,vic,3079,house,buy,all,29 houses ,112 sold ,44 days ,2470 buyers ,2.1% ,"$1,775,000"
bellfield,vic,3081,house,buy,all,12 houses ,17 sold ,22 days ,563 buyers ,2.4% ,"$1,051,000.00"
heidelberg-heights,vic,3081,house,buy,all,16 houses ,90 sold ,32 days ,1084 buyers ,2.5% ,"$991,000"
mill-park,vic,3082,house,buy,all,65 houses ,307 sold ,49 days ,3547 buyers ,3.0% ,"$785,000"
kingsbury,vic,3083,house,buy,all,11 houses ,33 sold ,51 days ,437 buyers ,2.6% ,"$808,000"
viewbank,vic,3084,house,buy,all,20 houses ,82 sold ,30 days ,1598 buyers ,2.5% ,"$1,212,500"
rosanna,vic,3084,house,buy,all,23 houses ,86 sold ,33 days ,1827 buyers ,2.2% ,"$1,242,499"
heidelberg,vic,3084,house,buy,all,15 houses ,45 sold ,50 days ,2066 buyers ,2.2% ,"$1,460,000.00"
eaglemont,vic,3084,house,buy,all,18 houses ,40 sold ,40 days ,1449 buyers ,1.6% ,"$2,412,500"
yallambie,vic,3085,house,buy,all,14 houses ,42 sold ,29 days ,1887 buyers ,2.6% ,"$1,005,250"
macleod,vic,3085,house,buy,all,20 houses ,91 sold ,32 days ,2756 buyers ,2.4% ,"$1,125,000"
watsonia-north,vic,3087,house,buy,all,11 houses ,50 sold ,29 days ,846 buyers ,2.7% ,"$910,000"
watsonia,vic,3087,house,buy,all,16 houses ,57 sold ,27 days ,1397 buyers ,2.5% ,"$935,000"
greensborough,vic,3088,house,buy,all,58 houses ,240 sold ,29 days ,4124 buyers ,2.8% ,"$1,000,000"
st-helena,vic,3088,house,buy,all,7 houses ,21 sold ,30 days ,640 buyers ,2.9% ,"$1,200,000"
plenty,vic,3090,house,buy,all,10 houses ,19 sold ,23 days ,941 buyers ,2.1% ,"$1,697,000"
yarrambat,vic,3091,house,buy,all,11 houses ,20 sold ,29 days ,1049 buyers ,2.3% ,"$1,893,500"
montmorency,vic,3094,house,buy,all,36 houses ,87 sold ,29 days ,2922 buyers ,2.5% ,"$1,159,000"
research,vic,3095,house,buy,all,10 houses ,26 sold ,28 days ,1072 buyers ,2.9% ,"$1,535,000"
eltham,vic,3095,house,buy,all,72 houses ,186 sold ,28 days ,5932 buyers ,2.7% ,"$1,277,500"
eltham-north,vic,3095,house,buy,all,21 houses ,68 sold ,33 days ,1860 buyers ,2.8% ,"$1,250,000"
wattle-glen,vic,3096,house,buy,all,2 houses ,24 sold ,28 days ,355 buyers ,3.5% ,"$962,500"
bend-of-islands,vic,3097,house,buy,all,2 houses ,1 sold ,76 days ,130 buyers ,– ,–
watsons-creek,vic,3097,house,buy,all,0 houses ,0 sold ,122 days ,0 buyers ,– ,–
strathewen,vic,3099,house,buy,all,0 houses ,1 sold ,10 days ,0 buyers ,2.1% ,–
hurstbridge,vic,3099,house,buy,all,18 houses ,48 sold ,22 days ,1495 buyers ,3.0% ,"$957,500"
arthurs-creek,vic,3099,house,buy,all,1 houses ,2 sold ,31 days ,163 buyers ,3.2% ,–
cottles-bridge,vic,3099,house,buy,all,2 houses ,4 sold ,16 days ,184 buyers ,– ,–
nutfield,vic,3099,house,buy,all,0 houses ,2 sold ,86 days ,0 buyers ,– ,–
kew,vic,3101,house,buy,all,69 houses ,271 sold ,46 days ,7135 buyers ,2.2% ,"$2,800,000"
balwyn-north,vic,3104,house,buy,all,76 houses ,298 sold ,44 days ,3907 buyers ,1.7% ,"$2,294,000"
bulleen,vic,3105,house,buy,all,40 houses ,151 sold ,29 days ,2702 buyers ,2.1% ,"$1,400,000"
templestowe,vic,3106,house,buy,all,52 houses ,147 sold ,44 days ,4949 buyers ,2.3% ,"$1,700,000"
templestowe-lower,vic,3107,house,buy,all,51 houses ,164 sold ,40 days ,3065 buyers ,2.2% ,"$1,390,500"
donvale,vic,3111,house,buy,all,38 houses ,109 sold ,31 days ,3697 buyers ,2.3% ,"$1,600,000"
wonga-park,vic,3115,house,buy,all,12 houses ,56 sold ,47 days ,1430 buyers ,2.5% ,"$1,673,750"
chirnside-park,vic,3116,house,buy,all,48 houses ,189 sold ,20 days ,3234 buyers ,3.2% ,"$900,000"
hawthorn,vic,3122,house,buy,all,45 houses ,163 sold ,37 days ,5924 buyers ,2.1% ,"$2,305,000"
burwood,vic,3125,house,buy,all,41 houses ,129 sold ,36 days ,3222 buyers ,2.1% ,"$1,382,000"
surrey-hills,vic,3127,house,buy,all,39 houses ,140 sold ,40 days ,3495 buyers ,2.0% ,"$2,215,000"
mont-albert,vic,3127,house,buy,all,12 houses ,60 sold ,40 days ,992 buyers ,1.8% ,"$2,264,000"
box-hill,vic,3128,house,buy,all,13 houses ,56 sold ,38 days ,682 buyers ,1.8% ,"$1,645,000"
mont-albert-north,vic,3129,house,buy,all,17 houses ,58 sold ,39 days ,2145 buyers ,2.1% ,"$1,620,500"
blackburn-north,vic,3130,house,buy,all,25 houses ,77 sold ,29 days ,2616 buyers ,2.1% ,"$1,270,000"
blackburn-south,vic,3130,house,buy,all,31 houses ,126 sold ,31 days ,2471 buyers ,2.1% ,"$1,300,000"
blackburn,vic,3130,house,buy,all,41 houses ,127 sold ,45 days ,3860 buyers ,1.9% ,"$1,549,000"
vermont,vic,3133,house,buy,all,33 houses ,116 sold ,31 days ,3180 buyers ,2.2% ,"$1,187,000"
warrandyte-south,vic,3134,house,buy,all,3 houses ,8 sold ,44 days ,995 buyers ,2.5% ,–
warranwood,vic,3134,house,buy,all,15 houses ,53 sold ,23 days ,1588 buyers ,2.8% ,"$1,345,000"
ringwood-north,vic,3134,house,buy,all,43 houses ,129 sold ,29 days ,3784 buyers ,2.6% ,"$1,200,000"
ringwood,vic,3134,house,buy,all,55 houses ,158 sold ,28 days ,4430 buyers ,2.5% ,"$1,026,500"
ringwood-east,vic,3135,house,buy,all,30 houses ,107 sold ,28 days ,2749 buyers ,2.6% ,"$950,000"
heathmont,vic,3135,house,buy,all,28 houses ,124 sold ,24 days ,3095 buyers ,2.6% ,"$1,064,750"
croydon-north,vic,3136,house,buy,all,32 houses ,101 sold ,23 days ,2425 buyers ,3.1% ,"$1,053,800"
croydon-south,vic,3136,house,buy,all,22 houses ,68 sold ,17 days ,1966 buyers ,2.9% ,"$870,000"
croydon-hills,vic,3136,house,buy,all,10 houses ,54 sold ,24 days ,1010 buyers ,2.9% ,"$1,085,000"
croydon,vic,3136,house,buy,all,91 houses ,323 sold ,24 days ,6227 buyers ,2.9% ,"$904,000"
kilsyth,vic,3137,house,buy,all,35 houses ,163 sold ,22 days ,2568 buyers ,3.2% ,"$835,000"
kilsyth-south,vic,3137,house,buy,all,3 houses ,28 sold ,23 days ,267 buyers ,2.9% ,"$1,185,000"
mooroolbark,vic,3138,house,buy,all,78 houses ,322 sold ,23 days ,4027 buyers ,3.2% ,"$850,000"
hoddles-creek,vic,3139,house,buy,all,8 houses ,12 sold ,48 days ,568 buyers ,– ,"$1,250,000"
beenak,vic,3139,house,buy,all,0 houses ,0 sold ,– ,0 buyers ,– ,–
seville,vic,3139,house,buy,all,12 houses ,28 sold ,16 days ,899 buyers ,2.9% ,"$831,500"
woori-yallock,vic,3139,house,buy,all,23 houses ,57 sold ,19 days ,1117 buyers ,3.0% ,"$690,000"
yellingbo,vic,3139,house,buy,all,2 houses ,3 sold ,31 days ,297 buyers ,1.6% ,–
wandin-north,vic,3139,house,buy,all,10 houses ,28 sold ,19 days ,825 buyers ,2.6% ,"$912,750"
launching-place,vic,3139,house,buy,all,11 houses ,44 sold ,20 days ,564 buyers ,3.2% ,"$805,000"
seville-east,vic,3139,house,buy,all,1 houses ,7 sold ,14 days ,153 buyers ,2.9% ,–
lilydale,vic,3140,house,buy,all,59 houses ,264 sold ,16 days ,3106 buyers ,3.3% ,"$860,000"
south-yarra,vic,3141,house,buy,all,35 houses ,126 sold ,61 days ,4739 buyers ,2.4% ,"$2,130,750"
toorak,vic,3142,house,buy,all,63 houses ,111 sold ,42 days ,5880 buyers ,1.8% ,"$5,000,000"
armadale,vic,3143,house,buy,all,27 houses ,90 sold ,47 days ,2465 buyers ,2.2% ,"$2,491,000"
kooyong,vic,3144,house,buy,all,2 houses ,6 sold ,29 days ,308 buyers ,1.8% ,–
malvern,vic,3144,house,buy,all,29 houses ,121 sold ,32 days ,3743 buyers ,2.2% ,"$2,890,000"
malvern-east,vic,3145,house,buy,all,76 houses ,225 sold ,40 days ,6722 buyers ,2.0% ,"$2,180,000"
glen-iris,vic,3146,house,buy,all,68 houses ,261 sold ,37 days ,5793 buyers ,1.8% ,"$2,500,000"
ashwood,vic,3147,house,buy,all,18 houses ,62 sold ,38 days ,1594 buyers ,1.9% ,"$1,490,500"
ashburton,vic,3147,house,buy,all,29 houses ,98 sold ,33 days ,2121 buyers ,1.8% ,"$2,027,500"
chadstone,vic,3148,house,buy,all,30 houses ,72 sold ,56 days ,1937 buyers ,2.3% ,"$1,210,000"
mount-waverley,vic,3149,house,buy,all,106 houses ,362 sold ,44 days ,6013 buyers ,1.9% ,"$1,558,500"
wheelers-hill,vic,3150,house,buy,all,49 houses ,185 sold ,35 days ,3989 buyers ,2.3% ,"$1,429,000"
glen-waverley,vic,3150,house,buy,all,138 houses ,406 sold ,37 days ,6124 buyers ,1.9% ,"$1,605,000"
wantirna-south,vic,3152,house,buy,all,48 houses ,191 sold ,36 days ,3139 buyers ,2.5% ,"$1,200,000"
bayswater-north,vic,3153,house,buy,all,21 houses ,79 sold ,19 days ,1290 buyers ,2.9% ,"$867,000"
bayswater,vic,3153,house,buy,all,35 houses ,108 sold ,26 days ,2243 buyers ,2.7% ,"$920,000.00"
the-basin,vic,3154,house,buy,all,12 houses ,60 sold ,23 days ,1537 buyers ,3.0% ,"$864,000"
boronia,vic,3155,house,buy,all,67 houses ,201 sold ,23 days ,2955 buyers ,2.8% ,"$861,000"
lysterfield-south,vic,3156,house,buy,all,4 houses ,9 sold ,31 days ,556 buyers ,4.4% ,–
lysterfield,vic,3156,house,buy,all,14 houses ,86 sold ,28 days ,1578 buyers ,2.7% ,"$1,315,000"
upper-ferntree-gully,vic,3156,house,buy,all,11 houses ,35 sold ,13 days ,1658 buyers ,2.8% ,"$905,000"
ferntree-gully,vic,3156,house,buy,all,66 houses ,271 sold ,28 days ,4388 buyers ,2.8% ,"$878,000"
menzies-creek,vic,3159,house,buy,all,4 houses ,15 sold ,31 days ,437 buyers ,3.5% ,"$980,000"
selby,vic,3159,house,buy,all,8 houses ,22 sold ,27 days ,1522 buyers ,3.2% ,"$856,500"
tecoma,vic,3160,house,buy,all,10 houses ,24 sold ,15 days ,1006 buyers ,3.0% ,"$927,500"
belgrave-south,vic,3160,house,buy,all,11 houses ,13 sold ,23 days ,1489 buyers ,3.0% ,"$1,160,000.00"
belgrave-heights,vic,3160,house,buy,all,4 houses ,8 sold ,32 days ,927 buyers ,3.3% ,–
belgrave,vic,3160,house,buy,all,17 houses ,65 sold ,16 days ,1941 buyers ,3.6% ,"$850,000"
caulfield-north,vic,3161,house,buy,all,35 houses ,120 sold ,44 days ,2862 buyers ,2.0% ,"$2,425,000"
caulfield,vic,3162,house,buy,all,13 houses ,45 sold ,69 days ,1356 buyers ,2.4% ,"$1,890,000"
glen-huntly,vic,3163,house,buy,all,1 houses ,17 sold ,83 days ,72 buyers ,2.7% ,"$1,440,000"
carnegie,vic,3163,house,buy,all,25 houses ,106 sold ,40 days ,2893 buyers ,2.3% ,"$1,657,500"
murrumbeena,vic,3163,house,buy,all,13 houses ,83 sold ,57 days ,1489 buyers ,2.1% ,"$1,655,000"
oakleigh,vic,3166,house,buy,all,14 houses ,53 sold ,52 days ,1525 buyers ,2.0% ,"$1,443,500"
hughesdale,vic,3166,house,buy,all,10 houses ,62 sold ,39 days ,1333 buyers ,2.0% ,"$1,617,500"
notting-hill,vic,3168,house,buy,all,1 houses ,17 sold ,39 days ,52 buyers ,2.2% ,"$1,060,000"
mulgrave,vic,3170,house,buy,all,38 houses ,238 sold ,35 days ,3202 buyers ,2.7% ,"$1,000,000"
springvale-south,vic,3172,house,buy,all,14 houses ,88 sold ,35 days ,570 buyers ,2.8% ,"$825,000"
noble-park-north,vic,3174,house,buy,all,25 houses ,67 sold ,32 days ,921 buyers ,2.8% ,"$785,000"
dandenong-south,vic,3175,house,buy,all,0 houses ,0 sold ,– ,0 buyers ,– ,–
dandenong,vic,3175,house,buy,all,81 houses ,164 sold ,38 days ,1261 buyers ,3.0% ,"$740,000"
bangholme,vic,3175,house,buy,all,2 houses ,4 sold ,– ,74 buyers ,1.6% ,–
doveton,vic,3177,house,buy,all,80 houses ,147 sold ,40 days ,921 buyers ,3.2% ,"$625,000.00"
eumemmerring,vic,3177,house,buy,all,12 houses ,25 sold ,29 days ,188 buyers ,3.2% ,"$725,000"
rowville,vic,3178,house,buy,all,74 houses ,327 sold ,23 days ,3828 buyers ,2.7% ,"$1,095,000"
scoresby,vic,3179,house,buy,all,14 houses ,53 sold ,43 days ,1121 buyers ,2.6% ,"$984,000"
knoxfield,vic,3180,house,buy,all,17 houses ,70 sold ,34 days ,1396 buyers ,2.8% ,"$943,500"
prahran,vic,3181,house,buy,all,27 houses ,108 sold ,46 days ,3270 buyers ,2.5% ,"$1,700,000"
windsor,vic,3181,house,buy,all,20 houses ,75 sold ,51 days ,2365 buyers ,2.5% ,"$1,640,000"
st-kilda-west,vic,3182,house,buy,all,4 houses ,12 sold ,44 days ,707 buyers ,2.2% ,"$2,505,000"
st-kilda,vic,3182,house,buy,all,25 houses ,72 sold ,52 days ,2346 buyers ,2.6% ,"$1,701,500"
st-kilda-east,vic,3183,house,buy,all,20 houses ,68 sold ,39 days ,2224 buyers ,2.5% ,"$1,632,500"
elwood,vic,3184,house,buy,all,28 houses ,106 sold ,59 days ,2841 buyers ,2.2% ,"$2,497,500"
elsternwick,vic,3185,house,buy,all,23 houses ,77 sold ,38 days ,2688 buyers ,2.4% ,"$2,200,000"
gardenvale,vic,3185,house,buy,all,1 houses ,7 sold ,15 days ,24 buyers ,2.5% ,–
ripponlea,vic,3185,house,buy,all,5 houses ,14 sold ,36 days ,405 buyers ,2.1% ,"$1,605,000"
brighton,vic,3186,house,buy,all,113 houses ,253 sold ,44 days ,7353 buyers ,2.3% ,"$3,280,000"
hampton-east,vic,3188,house,buy,all,14 houses ,74 sold ,45 days ,1350 buyers ,2.5% ,"$1,585,750"
moorabbin,vic,3189,house,buy,all,11 houses ,88 sold ,39 days ,909 buyers ,2.4% ,"$1,410,000"
highett,vic,3190,house,buy,all,20 houses ,118 sold ,37 days ,1604 buyers ,2.7% ,"$1,460,000"
beaumaris,vic,3193,house,buy,all,63 houses ,177 sold ,40 days ,3976 buyers ,2.4% ,"$2,110,000"
mentone,vic,3194,house,buy,all,28 houses ,112 sold ,52 days ,1997 buyers ,2.7% ,"$1,439,000"
moorabbin-airport,vic,3194,house,buy,all,0 houses ,0 sold ,– ,0 buyers ,– ,–
waterways,vic,3195,house,buy,all,4 houses ,27 sold ,40 days ,237 buyers ,3.0% ,"$1,600,000"
parkdale,vic,3195,house,buy,all,33 houses ,105 sold ,35 days ,3110 buyers ,2.3% ,"$1,510,000"
aspendale,vic,3195,house,buy,all,19 houses ,67 sold ,37 days ,1327 buyers ,2.3% ,"$1,420,000.00"
chelsea-heights,vic,3196,house,buy,all,10 houses ,56 sold ,19 days ,747 buyers ,2.9% ,"$972,500"
edithvale,vic,3196,house,buy,all,18 houses ,78 sold ,36 days ,1604 buyers ,2.3% ,"$1,316,250"
carrum,vic,3197,house,buy,all,13 houses ,49 sold ,28 days ,965 buyers ,2.8% ,"$927,500"
patterson-lakes,vic,3197,house,buy,all,38 houses ,94 sold ,29 days ,1916 buyers ,2.8% ,"$1,310,500"
seaford,vic,3198,house,buy,all,60 houses ,200 sold ,19 days ,2709 buyers ,3.0% ,"$880,000"
frankston-north,vic,3200,house,buy,all,26 houses ,123 sold ,24 days ,1009 buyers ,3.4% ,"$610,000"
bentleigh,vic,3204,house,buy,all,34 houses ,174 sold ,45 days ,3134 buyers ,2.3% ,"$1,705,500"
south-melbourne,vic,3205,house,buy,all,29 houses ,123 sold ,51 days ,3041 buyers ,2.4% ,"$1,720,000"
albert-park,vic,3206,house,buy,all,26 houses ,125 sold ,45 days ,2495 buyers ,2.0% ,"$2,550,000"
middle-park,vic,3206,house,buy,all,14 houses ,68 sold ,39 days ,1277 buyers ,1.9% ,"$2,895,000"
port-melbourne,vic,3207,house,buy,all,48 houses ,174 sold ,48 days ,3418 buyers ,2.6% ,"$1,645,000"
little-river,vic,3211,house,buy,all,8 houses ,15 sold ,83 days ,779 buyers ,2.5% ,"$1,260,000"
lara,vic,3212,house,buy,all,90 houses ,276 sold ,27 days ,2029 buyers ,3.7% ,"$715,000"
anakie,vic,3213,house,buy,all,1 houses ,5 sold ,100 days ,90 buyers ,2.3% ,–
moorabool,vic,3213,house,buy,all,0 houses ,0 sold ,– ,0 buyers ,2.4% ,–
lovely-banks,vic,3213,house,buy,all,17 houses ,33 sold ,75 days ,650 buyers ,3.4% ,"$840,000"
batesford,vic,3213,house,buy,all,6 houses ,10 sold ,17 days ,533 buyers ,– ,"$2,035,000"
norlane,vic,3214,house,buy,all,52 houses ,152 sold ,37 days ,913 buyers ,3.7% ,"$487,500"
bell-post-hill,vic,3215,house,buy,all,29 houses ,76 sold ,40 days ,920 buyers ,3.4% ,"$681,250"
north-geelong,vic,3215,house,buy,all,19 houses ,52 sold ,30 days ,765 buyers ,3.4% ,"$671,250"
rippleside,vic,3215,house,buy,all,5 houses ,12 sold ,53 days ,406 buyers ,2.6% ,"$1,140,000"
hamlyn-heights,vic,3215,house,buy,all,26 houses ,94 sold ,32 days ,1305 buyers ,3.1% ,"$777,500"
wandana-heights,vic,3216,house,buy,all,14 houses ,26 sold ,20 days ,1094 buyers ,3.2% ,"$1,090,000"
waurn-ponds,vic,3216,house,buy,all,18 houses ,44 sold ,35 days ,1143 buyers ,3.4% ,"$793,500"
mount-duneed,vic,3217,house,buy,all,47 houses ,123 sold ,31 days ,1263 buyers ,3.6% ,"$770,000"
freshwater-creek,vic,3217,house,buy,all,6 houses ,4 sold ,141 days ,289 buyers ,3.5% ,–
charlemont,vic,3217,house,buy,all,32 houses ,69 sold ,24 days ,656 buyers ,3.7% ,"$675,000"
armstrong-creek,vic,3217,house,buy,all,116 houses ,225 sold ,31 days ,1386 buyers ,3.7% ,"$725,000"
fyansford,vic,3218,house,buy,all,11 houses ,27 sold ,22 days ,521 buyers ,3.1% ,"$1,100,000.00"
geelong-west,vic,3218,house,buy,all,41 houses ,119 sold ,49 days ,2174 buyers ,2.7% ,"$980,000"
herne-hill,vic,3218,house,buy,all,24 houses ,51 sold ,40 days ,1247 buyers ,3.0% ,"$765,000"
murgheboluc,vic,3218,house,buy,all,0 houses ,1 sold ,– ,0 buyers ,– ,–
thomson,vic,3219,house,buy,all,5 houses ,28 sold ,25 days ,333 buyers ,3.5% ,"$584,500"
st-albans-park,vic,3219,house,buy,all,23 houses ,56 sold ,18 days ,532 buyers ,3.6% ,"$656,000"
newcomb,vic,3219,house,buy,all,26 houses ,89 sold ,36 days ,843 buyers ,3.4% ,"$607,000"
east-geelong,vic,3219,house,buy,all,24 houses ,45 sold ,49 days ,1661 buyers ,2.8% ,"$890,000"
whittington,vic,3219,house,buy,all,15 houses ,50 sold ,20 days ,453 buyers ,3.9% ,"$542,500"
newtown,vic,3220,house,buy,all,57 houses ,128 sold ,39 days ,3329 buyers ,2.6% ,"$1,282,500"
geelong,vic,3220,house,buy,all,22 houses ,62 sold ,47 days ,1954 buyers ,2.9% ,"$866,000"
gnarwarre,vic,3221,house,buy,all,0 houses ,1 sold ,– ,0 buyers ,– ,–
ceres,vic,3221,house,buy,all,1 houses ,1 sold ,41 days ,205 buyers ,3.6% ,–
barrabool,vic,3221,house,buy,all,0 houses ,2 sold ,– ,0 buyers ,– ,–
mannerim,vic,3222,house,buy,all,1 houses ,1 sold ,– ,85 buyers ,– ,–
drysdale,vic,3222,house,buy,all,32 houses ,68 sold ,32 days ,975 buyers ,3.0% ,"$789,500"
clifton-springs,vic,3222,house,buy,all,73 houses ,158 sold ,31 days ,1714 buyers ,3.3% ,"$716,000"
curlewis,vic,3222,house,buy,all,40 houses ,78 sold ,39 days ,958 buyers ,3.3% ,"$730,000"
st-leonards,vic,3223,house,buy,all,54 houses ,125 sold ,39 days ,1046 buyers ,3.1% ,"$800,000"
bellarine,vic,3223,house,buy,all,1 houses ,1 sold ,252 days ,12 buyers ,– ,–
leopold,vic,3224,house,buy,all,68 houses ,165 sold ,29 days ,1557 buyers ,3.5% ,"$711,000"
point-lonsdale,vic,3225,house,buy,all,39 houses ,60 sold ,52 days ,970 buyers ,1.9% ,"$1,575,000"
queenscliff,vic,3225,house,buy,all,20 houses ,18 sold ,50 days ,674 buyers ,1.8% ,"$1,710,000"
swan-bay,vic,3225,house,buy,all,0 houses ,0 sold ,– ,0 buyers ,– ,–
ocean-grove,vic,3226,house,buy,all,162 houses ,278 sold ,41 days ,3905 buyers ,2.7% ,"$1,180,000"
connewarre,vic,3227,house,buy,all,6 houses ,11 sold ,119 days ,267 buyers ,2.3% ,"$2,420,000"
barwon-heads,vic,3227,house,buy,all,39 houses ,60 sold ,44 days ,1385 buyers ,2.0% ,"$1,800,000.00"
torquay,vic,3228,house,buy,all,136 houses ,275 sold ,33 days ,3526 buyers ,2.7% ,"$1,375,000"
bells-beach,vic,3228,house,buy,all,0 houses ,1 sold ,38 days ,0 buyers ,– ,–
jan-juc,vic,3228,house,buy,all,18 houses ,48 sold ,30 days ,1215 buyers ,2.5% ,"$1,340,000"
anglesea,vic,3230,house,buy,all,24 houses ,70 sold ,36 days ,1202 buyers ,2.1% ,"$1,692,500"
eastern-view,vic,3231,house,buy,all,0 houses ,0 sold ,24 days ,0 buyers ,– ,–
fairhaven,vic,3231,house,buy,all,4 houses ,4 sold ,30 days ,361 buyers ,– ,–
lorne,vic,3232,house,buy,all,17 houses ,23 sold ,38 days ,952 buyers ,0.8% ,"$1,960,000.00"
apollo-bay,vic,3233,house,buy,all,35 houses ,28 sold ,51 days ,887 buyers ,2.6% ,"$980,000"
cape-otway,vic,3233,house,buy,all,0 houses ,0 sold ,– ,0 buyers ,– ,–
marengo,vic,3233,house,buy,all,9 houses ,6 sold ,89 days ,150 buyers ,– ,–
petticoat-creek,vic,3233,house,buy,all,0 houses ,0 sold ,– ,0 buyers ,– ,–
grey-river,vic,3234,house,buy,all,0 houses ,0 sold ,– ,0 buyers ,– ,–
wye-river,vic,3234,house,buy,all,3 houses ,1 sold ,29 days ,374 buyers ,– ,–
separation-creek,vic,3234,house,buy,all,1 houses ,1 sold ,– ,92 buyers ,– ,–
forrest,vic,3236,house,buy,all,1 houses ,2 sold ,29 days ,213 buyers ,2.7% ,–
wattle-hill,vic,3237,house,buy,all,0 houses ,0 sold ,– ,0 buyers ,– ,–
wyelangta,vic,3237,house,buy,all,0 houses ,0 sold ,– ,0 buyers ,– ,–
gellibrand-lower,vic,3237,house,buy,all,0 houses ,0 sold ,– ,0 buyers ,– ,–
yuulong,vic,3237,house,buy,all,0 houses ,1 sold ,300 days ,0 buyers ,– ,–
weeaproinah,vic,3237,house,buy,all,0 houses ,0 sold ,– ,0 buyers ,– ,–
johanna,vic,3238,house,buy,all,0 houses ,2 sold ,85 days ,0 buyers ,– ,–
hordern-vale,vic,3238,house,buy,all,0 houses ,1 sold ,– ,0 buyers ,– ,–
glenaire,vic,3238,house,buy,all,0 houses ,0 sold ,– ,0 buyers ,– ,–
carlisle-river,vic,3239,house,buy,all,0 houses ,1 sold ,– ,0 buyers ,3.4% ,–
moriac,vic,3240,house,buy,all,4 houses ,7 sold ,49 days ,657 buyers ,– ,–
modewarre,vic,3240,house,buy,all,0 houses ,4 sold ,27 days ,0 buyers ,1.6% ,–
buckley,vic,3240,house,buy,all,2 houses ,2 sold ,31 days ,323 buyers ,– ,–
gherang,vic,3240,house,buy,all,7 houses ,3 sold ,71 days ,425 buyers ,1.8% ,–
winchelsea,vic,3241,house,buy,all,20 houses ,38 sold ,25 days ,480 buyers ,3.6% ,"$715,000"
bambra,vic,3241,house,buy,all,0 houses ,0 sold ,– ,0 buyers ,– ,–
winchelsea-south,vic,3241,house,buy,all,0 houses ,2 sold ,94 days ,0 buyers ,– ,–
murroon,vic,3243,house,buy,all,0 houses ,1 sold ,19 days ,0 buyers ,– ,–
barwon-downs,vic,3243,house,buy,all,2 houses ,2 sold ,93 days ,164 buyers ,– ,–
dreeite,vic,3249,house,buy,all,0 houses ,0 sold ,– ,0 buyers ,– ,–
dreeite-south,vic,3249,house,buy,all,0 houses ,0 sold ,– ,0 buyers ,– ,–
larpent,vic,3249,house,buy,all,0 houses ,3 sold ,162 days ,0 buyers ,– ,–
coragulac,vic,3249,house,buy,all,2 houses ,1 sold ,– ,5 buyers ,3.4% ,–
tanybryn,vic,3249,house,buy,all,1 houses ,0 sold ,– ,38 buyers ,– ,–
pomborneit-east,vic,3249,house,buy,all,0 houses ,0 sold ,– ,0 buyers ,– ,–
yeodene,vic,3249,house,buy,all,0 houses ,4 sold ,79 days ,0 buyers ,– ,–
corunnun,vic,3249,house,buy,all,0 houses ,1 sold ,– ,0 buyers ,– ,–
ondit,vic,3249,house,buy,all,0 houses ,0 sold ,– ,0 buyers ,3.7% ,–
irrewillipe-east,vic,3249,house,buy,all,0 houses ,0 sold ,– ,0 buyers ,– ,–
gerangamete,vic,3249,house,buy,all,0 houses ,1 sold ,– ,0 buyers ,4.3% ,–
balintore,vic,3249,house,buy,all,0 houses ,1 sold ,– ,0 buyers ,2.7% ,–
nalangil,vic,3249,house,buy,all,0 houses ,1 sold ,– ,0 buyers ,– ,–
barramunga,vic,3249,house,buy,all,0 houses ,2 sold ,233 days ,0 buyers ,– ,–
alvie,vic,3249,house,buy,all,0 houses ,4 sold ,– ,0 buyers ,– ,–
elliminyt,vic,3250,house,buy,all,24 houses ,45 sold ,31 days ,420 buyers ,4.0% ,"$720,000"
cundare-north,vic,3251,house,buy,all,0 houses ,0 sold ,– ,0 buyers ,– ,–
cundare,vic,3251,house,buy,all,0 houses ,– ,– ,0 buyers ,– ,–
weering,vic,3251,house,buy,all,0 houses ,0 sold ,– ,0 buyers ,– ,–
beeac,vic,3251,house,buy,all,2 houses ,4 sold ,25 days ,139 buyers ,– ,–
cororooke,vic,3254,house,buy,all,1 houses ,0 sold ,48 days ,18 buyers ,3.4% ,–
kariah,vic,3260,house,buy,all,0 houses ,0 sold ,– ,0 buyers ,– ,–
pomborneit,vic,3260,house,buy,all,0 houses ,0 sold ,– ,0 buyers ,– ,–
weerite,vic,3260,house,buy,all,0 houses ,4 sold ,– ,0 buyers ,– ,–
koallah,vic,3260,house,buy,all,0 houses ,0 sold ,– ,0 buyers ,– ,–
camperdown,vic,3260,house,buy,all,28 houses ,71 sold ,38 days ,671 buyers ,5.1% ,"$450,000"
skibo,vic,3260,house,buy,all,0 houses ,0 sold ,– ,0 buyers ,– ,–
chocolyn,vic,3260,house,buy,all,0 houses ,0 sold ,– ,0 buyers ,– ,–
bookaar,vic,3260,house,buy,all,0 houses ,0 sold ,– ,0 buyers ,– ,–
stonyford,vic,3260,house,buy,all,0 houses ,1 sold ,– ,0 buyers ,3.4% ,–
terang,vic,3264,house,buy,all,9 houses ,54 sold ,30 days ,254 buyers ,5.1% ,"$371,000"
boorcan,vic,3265,house,buy,all,0 houses ,0 sold ,– ,0 buyers ,– ,–
noorat-east,vic,3265,house,buy,all,0 houses ,0 sold ,– ,0 buyers ,– ,–
kolora,vic,3265,house,buy,all,0 houses ,5 sold ,44 days ,0 buyers ,– ,–
ellerslie,vic,3265,house,buy,all,0 houses ,0 sold ,– ,0 buyers ,– ,–
dixie,vic,3265,house,buy,all,0 houses ,0 sold ,– ,0 buyers ,– ,–
garvoc,vic,3265,house,buy,all,1 houses ,2 sold ,70 days ,15 buyers ,– ,–
glenormiston-south,vic,3265,house,buy,all,0 houses ,2 sold ,– ,0 buyers ,9.9% ,–
laang,vic,3265,house,buy,all,0 houses ,1 sold ,– ,0 buyers ,6.5% ,–
cudgee,vic,3265,house,buy,all,0 houses ,4 sold ,– ,0 buyers ,4.0% ,–
ecklin-south,vic,3265,house,buy,all,0 houses ,2 sold ,– ,0 buyers ,– ,–
simpson,vic,3266,house,buy,all,1 houses ,6 sold ,81 days ,27 buyers ,– ,–
jancourt,vic,3266,house,buy,all,0 houses ,1 sold ,– ,0 buyers ,– ,–
cobrico,vic,3266,house,buy,all,0 houses ,0 sold ,– ,0 buyers ,– ,–
naroghid,vic,3266,house,buy,all,0 houses ,0 sold ,– ,0 buyers ,3.5% ,–
cobden,vic,3266,house,buy,all,4 houses ,24 sold ,32 days ,99 buyers ,5.0% ,"$456,900"
scotts-creek,vic,3267,house,buy,all,0 houses ,5 sold ,134 days ,0 buyers ,– ,–
nullawarre,vic,3268,house,buy,all,0 houses ,0 sold ,– ,0 buyers ,– ,–
timboon,vic,3268,house,buy,all,12 houses ,21 sold ,52 days ,205 buyers ,5.0% ,"$476,000"
newfield,vic,3268,house,buy,all,0 houses ,3 sold ,72 days ,0 buyers ,– ,–
the-cove,vic,3268,house,buy,all,0 houses ,0 sold ,– ,0 buyers ,– ,–
nullawarre-north,vic,3268,house,buy,all,0 houses ,0 sold ,– ,0 buyers ,– ,–
timboon-west,vic,3268,house,buy,all,1 houses ,0 sold ,– ,64 buyers ,– ,–
princetown,vic,3269,house,buy,all,0 houses ,2 sold ,21 days ,0 buyers ,4.3% ,–
port-campbell,vic,3269,house,buy,all,4 houses ,3 sold ,94 days ,112 buyers ,1.4% ,–
waarre,vic,3269,house,buy,all,0 houses ,0 sold ,– ,0 buyers ,– ,–
peterborough,vic,3270,house,buy,all,1 houses ,13 sold ,26 days ,10 buyers ,4.9% ,"$701,000.00"
dundonnell,vic,3271,house,buy,all,0 houses ,0 sold ,– ,0 buyers ,– ,–
darlington,vic,3271,house,buy,all,0 houses ,1 sold ,– ,0 buyers ,– ,–
pura-pura,vic,3271,house,buy,all,0 houses ,0 sold ,– ,0 buyers ,– ,–
mortlake,vic,3272,house,buy,all,14 houses ,36 sold ,47 days ,368 buyers ,5.5% ,"$354,000"
woorndoo,vic,3272,house,buy,all,1 houses ,0 sold ,– ,340 buyers ,– ,–
hexham,vic,3273,house,buy,all,0 houses ,1 sold ,– ,0 buyers ,5.9% ,–
caramut,vic,3274,house,buy,all,0 houses ,1 sold ,– ,0 buyers ,– ,–
mailors-flat,vic,3275,house,buy,all,1 houses ,2 sold ,71 days ,60 buyers ,3.1% ,–
woolsthorpe,vic,3276,house,buy,all,1 houses ,5 sold ,114 days ,8 buyers ,2.6% ,–
mepunga-east,vic,3277,house,buy,all,0 houses ,0 sold ,– ,0 buyers ,– ,–
allansford,vic,3277,house,buy,all,6 houses ,22 sold ,50 days ,194 buyers ,3.9% ,"$639,385"
naringal-east,vic,3277,house,buy,all,0 houses ,1 sold ,– ,0 buyers ,2.5% ,–
naringal,vic,3277,house,buy,all,0 houses ,1 sold ,– ,0 buyers ,– ,–
mepunga,vic,3277,house,buy,all,0 houses ,0 sold ,– ,0 buyers ,– ,–
purnim,vic,3278,house,buy,all,0 houses ,3 sold ,58 days ,0 buyers ,1.5% ,–
purnim-west,vic,3278,house,buy,all,2 houses ,2 sold ,– ,26 buyers ,– ,–
ballangeich,vic,3279,house,buy,all,0 houses ,0 sold ,– ,0 buyers ,– ,–
dennington,vic,3280,house,buy,all,18 houses ,41 sold ,38 days ,303 buyers ,4.6% ,"$620,000"
bushfield,vic,3281,house,buy,all,2 houses ,13 sold ,50 days ,43 buyers ,3.1% ,"$875,000.00"
yarpturk,vic,3283,house,buy,all,0 houses ,1 sold ,65 days ,0 buyers ,3.1% ,–
tarrone,vic,3283,house,buy,all,0 houses ,1 sold ,– ,0 buyers ,– ,–
willatook,vic,3283,house,buy,all,0 houses ,0 sold ,– ,0 buyers ,– ,–
port-fairy,vic,3284,house,buy,all,29 houses ,47 sold ,43 days ,572 buyers ,2.9% ,"$1,050,000"
orford,vic,3284,house,buy,all,0 houses ,2 sold ,– ,0 buyers ,– ,–
yambuk,vic,3285,house,buy,all,1 houses ,2 sold ,– ,10 buyers ,8.1% ,–
codrington,vic,3285,house,buy,all,0 houses ,0 sold ,– ,0 buyers ,4.0% ,–
rosebrook,vic,3285,house,buy,all,3 houses ,1 sold ,– ,39 buyers ,– ,–
st-helens,vic,3285,house,buy,all,0 houses ,0 sold ,– ,0 buyers ,– ,–
tyrendarra,vic,3285,house,buy,all,0 houses ,0 sold ,– ,0 buyers ,– ,–
tyrendarra-east,vic,3285,house,buy,all,0 houses ,0 sold ,– ,0 buyers ,– ,–
macarthur,vic,3286,house,buy,all,3 houses ,6 sold ,76 days ,107 buyers ,– ,–
minhamite,vic,3287,house,buy,all,0 houses ,0 sold ,– ,0 buyers ,– ,–
hawkesdale,vic,3287,house,buy,all,2 houses ,2 sold ,112 days ,144 buyers ,7.0% ,–
gazette,vic,3289,house,buy,all,0 houses ,0 sold ,– ,0 buyers ,– ,–
penshurst,vic,3289,house,buy,all,6 houses ,14 sold ,57 days ,240 buyers ,5.4% ,"$332,500"
purdeet,vic,3289,house,buy,all,0 houses ,0 sold ,– ,0 buyers ,– ,–
narrapumelap-south,vic,3293,house,buy,all,0 houses ,0 sold ,– ,0 buyers ,– ,–
nareeb,vic,3293,house,buy,all,0 houses ,0 sold ,– ,0 buyers ,– ,–
woodhouse,vic,3294,house,buy,all,0 houses ,0 sold ,– ,0 buyers ,– ,–
dunkeld,vic,3294,house,buy,all,9 houses ,7 sold ,20 days ,201 buyers ,4.4% ,–
karabeal,vic,3294,house,buy,all,0 houses ,0 sold ,– ,0 buyers ,– ,–
yatchaw,vic,3301,house,buy,all,0 houses ,0 sold ,– ,0 buyers ,– ,–
croxton-east,vic,3301,house,buy,all,0 houses ,1 sold ,– ,0 buyers ,– ,–
mount-napier,vic,3301,house,buy,all,0 houses ,0 sold ,– ,0 buyers ,– ,–
bochara,vic,3301,house,buy,all,0 houses ,0 sold ,– ,0 buyers ,– ,–
tahara,vic,3301,house,buy,all,0 houses ,0 sold ,– ,0 buyers ,– ,–
tarrington,vic,3301,house,buy,all,3 houses ,5 sold ,159 days ,49 buyers ,3.4% ,–
hensley-park,vic,3301,house,buy,all,0 houses ,1 sold ,– ,0 buyers ,– ,–
morgiana,vic,3301,house,buy,all,0 houses ,0 sold ,– ,0 buyers ,– ,–
yulecart,vic,3301,house,buy,all,0 houses ,1 sold ,– ,0 buyers ,– ,–
buckley-swamp,vic,3301,house,buy,all,0 houses ,0 sold ,– ,0 buyers ,– ,–
grassdale,vic,3302,house,buy,all,0 houses ,0 sold ,– ,0 buyers ,– ,–
condah,vic,3303,house,buy,all,0 houses ,3 sold ,37 days ,0 buyers ,– ,–
wallacedale,vic,3303,house,buy,all,0 houses ,0 sold ,– ,0 buyers ,7.8% ,–
hotspur,vic,3303,house,buy,all,0 houses ,0 sold ,– ,0 buyers ,– ,–
heywood,vic,3304,house,buy,all,19 houses ,30 sold ,48 days ,393 buyers ,4.9% ,"$333,750"
drumborg,vic,3304,house,buy,all,0 houses ,0 sold ,– ,0 buyers ,– ,–
mumbannar,vic,3304,house,buy,all,1 houses ,1 sold ,– ,100 buyers ,– ,–
myamyn,vic,3304,house,buy,all,1 houses ,1 sold ,– ,76 buyers ,– ,–
winnap,vic,3304,house,buy,all,0 houses ,0 sold ,– ,0 buyers ,– ,–
bessiebelle,vic,3304,house,buy,all,0 houses ,1 sold ,17 days ,0 buyers ,2.5% ,–
cape-bridgewater,vic,3305,house,buy,all,1 houses ,0 sold ,60 days ,42 buyers ,1.6% ,–
bolwarra,vic,3305,house,buy,all,12 houses ,2 sold ,222 days ,175 buyers ,3.1% ,–
gorae,vic,3305,house,buy,all,3 houses ,1 sold ,199 days ,74 buyers ,3.2% ,–
allestree,vic,3305,house,buy,all,1 houses ,1 sold ,– ,24 buyers ,4.5% ,–
portland-north,vic,3305,house,buy,all,9 houses ,11 sold ,66 days ,211 buyers ,4.9% ,"$455,000"
dutton-way,vic,3305,house,buy,all,1 houses ,6 sold ,55 days ,20 buyers ,2.2% ,–
heathmere,vic,3305,house,buy,all,6 houses ,1 sold ,20 days ,94 buyers ,4.3% ,–
casterton,vic,3311,house,buy,all,35 houses ,24 sold ,75 days ,372 buyers ,5.5% ,"$295,000"
corndale,vic,3311,house,buy,all,1 houses ,0 sold ,– ,14 buyers ,– ,–
bahgallah,vic,3312,house,buy,all,0 houses ,0 sold ,– ,0 buyers ,– ,–
lake-mundi,vic,3312,house,buy,all,0 houses ,0 sold ,– ,0 buyers ,– ,–
dunrobin,vic,3312,house,buy,all,0 houses ,0 sold ,– ,0 buyers ,– ,–
powers-creek,vic,3312,house,buy,all,0 houses ,0 sold ,– ,0 buyers ,– ,–
wando-vale,vic,3312,house,buy,all,0 houses ,0 sold ,– ,0 buyers ,– ,–
carapook,vic,3312,house,buy,all,0 houses ,1 sold ,243 days ,0 buyers ,6.6% ,–
brimboal,vic,3312,house,buy,all,0 houses ,0 sold ,– ,0 buyers ,– ,–
killara,vic,3312,house,buy,all,0 houses ,0 sold ,– ,0 buyers ,– ,–
strathdownie,vic,3312,house,buy,all,0 houses ,0 sold ,– ,0 buyers ,– ,–
chetwynd,vic,3312,house,buy,all,0 houses ,1 sold ,– ,0 buyers ,– ,–
dorodong,vic,3312,house,buy,all,0 houses ,0 sold ,– ,0 buyers ,– ,–
dergholm,vic,3312,house,buy,all,2 houses ,0 sold ,– ,20 buyers ,– ,–
wando-bridge,vic,3312,house,buy,all,0 houses ,0 sold ,– ,0 buyers ,– ,–
mooralla,vic,3314,house,buy,all,0 houses ,0 sold ,– ,0 buyers ,– ,–
glenisla,vic,3314,house,buy,all,0 houses ,0 sold ,– ,0 buyers ,– ,–
bulart,vic,3314,house,buy,all,0 houses ,0 sold ,– ,0 buyers ,– ,–
tarrenlea,vic,3315,house,buy,all,0 houses ,0 sold ,– ,0 buyers ,– ,–
tahara-bridge,vic,3315,house,buy,all,0 houses ,0 sold ,– ,0 buyers ,– ,–
tarrayoukyan,vic,3315,house,buy,all,0 houses ,0 sold ,– ,0 buyers ,– ,–
gritjurk,vic,3315,house,buy,all,0 houses ,0 sold ,– ,0 buyers ,– ,–
brit-brit,vic,3315,house,buy,all,0 houses ,0 sold ,– ,0 buyers ,– ,–
coleraine,vic,3315,house,buy,all,9 houses ,22 sold ,66 days ,242 buyers ,6.3% ,"$282,000"
coojar,vic,3315,house,buy,all,0 houses ,0 sold ,– ,0 buyers ,– ,–
melville-forest,vic,3315,house,buy,all,0 houses ,0 sold ,– ,0 buyers ,– ,–
gringegalgona,vic,3315,house,buy,all,0 houses ,0 sold ,– ,0 buyers ,– ,–
culla,vic,3315,house,buy,all,0 houses ,0 sold ,– ,0 buyers ,– ,–
kadnook,vic,3318,house,buy,all,0 houses ,2 sold ,– ,0 buyers ,5.9% ,–
connewirricoo,vic,3318,house,buy,all,0 houses ,0 sold ,– ,0 buyers ,– ,–
ullswater,vic,3318,house,buy,all,0 houses ,0 sold ,– ,0 buyers ,– ,–
langkoop,vic,3318,house,buy,all,1 houses ,2 sold ,– ,26 buyers ,– ,–
benayeo,vic,3319,house,buy,all,0 houses ,0 sold ,36 days ,0 buyers ,– ,–
inverleigh,vic,3321,house,buy,all,11 houses ,16 sold ,22 days ,970 buyers ,2.4% ,"$1,422,500"
wingeel,vic,3321,house,buy,all,0 houses ,0 sold ,– ,0 buyers ,– ,–
cressy,vic,3322,house,buy,all,0 houses ,4 sold ,17 days ,0 buyers ,2.9% ,–
duverney,vic,3323,house,buy,all,0 houses ,0 sold ,– ,0 buyers ,– ,–
mount-bute,vic,3324,house,buy,all,0 houses ,0 sold ,– ,0 buyers ,– ,–
mingay,vic,3324,house,buy,all,0 houses ,0 sold ,– ,0 buyers ,– ,–
derrinallum,vic,3325,house,buy,all,2 houses ,3 sold ,42 days ,64 buyers ,– ,–
vite-vite-north,vic,3325,house,buy,all,0 houses ,0 sold ,– ,0 buyers ,– ,–
vite-vite,vic,3325,house,buy,all,0 houses ,1 sold ,25 days ,0 buyers ,– ,–
teesdale,vic,3328,house,buy,all,15 houses ,26 sold ,39 days ,661 buyers ,2.9% ,"$900,000"
shelford,vic,3329,house,buy,all,3 houses ,6 sold ,40 days ,99 buyers ,– ,–
barunah-park,vic,3329,house,buy,all,1 houses ,0 sold ,– ,26 buyers ,1.2% ,–
she-oaks,vic,3331,house,buy,all,0 houses ,0 sold ,– ,0 buyers ,– ,–
maude,vic,3331,house,buy,all,2 houses ,4 sold ,15 days ,324 buyers ,– ,–
russells-bridge,vic,3331,house,buy,all,0 houses ,1 sold ,37 days ,0 buyers ,– ,–
gheringhap,vic,3331,house,buy,all,0 houses ,2 sold ,32 days ,0 buyers ,– ,–
bannockburn,vic,3331,house,buy,all,33 houses ,85 sold ,48 days ,959 buyers ,3.6% ,"$764,000"
lethbridge,vic,3332,house,buy,all,3 houses ,17 sold ,37 days ,324 buyers ,2.6% ,"$917,000"
meredith,vic,3333,house,buy,all,5 houses ,8 sold ,48 days ,453 buyers ,3.2% ,–
bungal,vic,3334,house,buy,all,0 houses ,1 sold ,241 days ,0 buyers ,3.8% ,–
elaine,vic,3334,house,buy,all,1 houses ,5 sold ,61 days ,8 buyers ,– ,–
mount-doran,vic,3334,house,buy,all,0 houses ,1 sold ,31 days ,0 buyers ,– ,–
morrisons,vic,3334,house,buy,all,0 houses ,0 sold ,– ,0 buyers ,– ,–
rockbank,vic,3335,house,buy,all,43 houses ,76 sold ,54 days ,794 buyers ,3.5% ,"$621,250"
melton,vic,3337,house,buy,all,68 houses ,170 sold ,38 days ,1518 buyers ,3.6% ,"$501,250"
melton-west,vic,3337,house,buy,all,53 houses ,162 sold ,28 days ,987 buyers ,3.6% ,"$550,500"
toolern-vale,vic,3337,house,buy,all,5 houses ,6 sold ,62 days ,101 buyers ,– ,–
brookfield,vic,3338,house,buy,all,67 houses ,183 sold ,26 days ,1154 buyers ,3.5% ,"$580,000.00"
eynesbury,vic,3338,house,buy,all,12 houses ,41 sold ,36 days ,474 buyers ,3.4% ,"$705,000"
melton-south,vic,3338,house,buy,all,86 houses ,219 sold ,29 days ,1281 buyers ,3.5% ,"$520,000"
staughton-vale,vic,3340,house,buy,all,1 houses ,0 sold ,– ,330 buyers ,– ,–
balliang-east,vic,3340,house,buy,all,0 houses ,2 sold ,44 days ,0 buyers ,– ,–
hopetoun-park,vic,3340,house,buy,all,2 houses ,6 sold ,6 days ,104 buyers ,2.5% ,–
bacchus-marsh,vic,3340,house,buy,all,64 houses ,148 sold ,35 days ,1080 buyers ,3.6% ,"$662,500"
merrimu,vic,3340,house,buy,all,2 houses ,5 sold ,25 days ,44 buyers ,1.8% ,–
parwan,vic,3340,house,buy,all,0 houses ,1 sold ,– ,0 buyers ,1.9% ,–
coimadai,vic,3340,house,buy,all,2 houses ,3 sold ,95 days ,184 buyers ,– ,–
korobeit,vic,3341,house,buy,all,0 houses ,2 sold ,19 days ,3 buyers ,– ,–
dales-creek,vic,3341,house,buy,all,3 houses ,9 sold ,73 days ,213 buyers ,– ,–
myrniong,vic,3341,house,buy,all,2 houses ,7 sold ,48 days ,45 buyers ,– ,–
greendale,vic,3341,house,buy,all,3 houses ,8 sold ,40 days ,301 buyers ,2.8% ,–
colbrook,vic,3342,house,buy,all,1 houses ,0 sold ,– ,11 buyers ,– ,–
beremboke,vic,3342,house,buy,all,1 houses ,5 sold ,19 days ,43 buyers ,– ,–
ballan,vic,3342,house,buy,all,29 houses ,37 sold ,44 days ,926 buyers ,3.3% ,"$661,000"
mount-wallace,vic,3342,house,buy,all,1 houses ,1 sold ,– ,5 buyers ,– ,–
bunding,vic,3342,house,buy,all,0 houses ,1 sold ,– ,0 buyers ,– ,–
durdidwarrah,vic,3342,house,buy,all,0 houses ,0 sold ,– ,0 buyers ,– ,–
gordon,vic,3345,house,buy,all,14 houses ,16 sold ,61 days ,438 buyers ,3.1% ,"$825,000"
brown-hill,vic,3350,house,buy,all,39 houses ,59 sold ,29 days ,1041 buyers ,3.5% ,"$630,000.00"
lake-wendouree,vic,3350,house,buy,all,25 houses ,36 sold ,24 days ,1032 buyers ,2.3% ,"$1,100,000"
bakery-hill,vic,3350,house,buy,all,0 houses ,1 sold ,108 days ,0 buyers ,3.5% ,–
mount-pleasant,vic,3350,house,buy,all,20 houses ,47 sold ,34 days ,826 buyers ,3.7% ,"$535,000"
ballarat-central,vic,3350,house,buy,all,60 houses ,96 sold ,35 days ,2065 buyers ,3.0% ,"$705,000"
mount-helen,vic,3350,house,buy,all,21 houses ,53 sold ,36 days ,802 buyers ,3.4% ,"$685,000"
nerrina,vic,3350,house,buy,all,5 houses ,19 sold ,45 days ,332 buyers ,3.3% ,"$825,000.00"
mount-clear,vic,3350,house,buy,all,22 houses ,62 sold ,30 days ,618 buyers ,3.9% ,"$557,750"
canadian,vic,3350,house,buy,all,21 houses ,60 sold ,33 days ,554 buyers ,3.8% ,"$554,850"
invermay-park,vic,3350,house,buy,all,11 houses ,17 sold ,44 days ,437 buyers ,3.5% ,"$720,000.00"
ballarat-east,vic,3350,house,buy,all,51 houses ,119 sold ,22 days ,1492 buyers ,3.7% ,"$530,000"
newington,vic,3350,house,buy,all,18 houses ,30 sold ,44 days ,497 buyers ,3.0% ,"$672,500"
chepstowe,vic,3351,house,buy,all,2 houses ,0 sold ,– ,65 buyers ,– ,–
carngham,vic,3351,house,buy,all,2 houses ,3 sold ,19 days ,59 buyers ,– ,–
springdallah,vic,3351,house,buy,all,0 houses ,0 sold ,– ,0 buyers ,– ,–
streatham,vic,3351,house,buy,all,2 houses ,3 sold ,50 days ,25 buyers ,– ,–
newtown,vic,3351,house,buy,all,0 houses ,0 sold ,32 days ,0 buyers ,– ,–
snake-valley,vic,3351,house,buy,all,3 houses ,13 sold ,23 days ,297 buyers ,4.6% ,"$460,000"
bo-peep,vic,3351,house,buy,all,0 houses ,1 sold ,15 days ,0 buyers ,– ,–
westmere,vic,3351,house,buy,all,0 houses ,1 sold ,30 days ,0 buyers ,– ,–
smythes-creek,vic,3351,house,buy,all,18 houses ,28 sold ,31 days ,507 buyers ,4.0% ,"$908,899"
mount-emu,vic,3351,house,buy,all,0 houses ,0 sold ,– ,0 buyers ,– ,–
wallinduc,vic,3351,house,buy,all,0 houses ,0 sold ,– ,0 buyers ,– ,–
hillcrest,vic,3351,house,buy,all,0 houses ,1 sold ,14 days ,0 buyers ,4.9% ,–
smythesdale,vic,3351,house,buy,all,7 houses ,12 sold ,65 days ,291 buyers ,3.0% ,"$779,000"
nintingbool,vic,3351,house,buy,all,1 houses ,2 sold ,42 days ,16 buyers ,– ,–
scarsdale,vic,3351,house,buy,all,7 houses ,7 sold ,33 days ,334 buyers ,3.5% ,–
pitfield,vic,3351,house,buy,all,0 houses ,0 sold ,– ,0 buyers ,– ,–
rokewood-junction,vic,3351,house,buy,all,1 houses ,2 sold ,13 days ,21 buyers ,– ,–
mininera,vic,3351,house,buy,all,0 houses ,0 sold ,– ,0 buyers ,– ,–
piggoreet,vic,3351,house,buy,all,0 houses ,0 sold ,– ,0 buyers ,– ,–
haddon,vic,3351,house,buy,all,6 houses ,14 sold ,21 days ,263 buyers ,2.5% ,"$920,000"
mount-rowan,vic,3352,house,buy,all,1 houses ,6 sold ,56 days ,12 buyers ,2.1% ,–
weatherboard,vic,3352,house,buy,all,0 houses ,1 sold ,– ,0 buyers ,– ,–
waubra,vic,3352,house,buy,all,1 houses ,5 sold ,34 days ,98 buyers ,5.4% ,–
blowhard,vic,3352,house,buy,all,0 houses ,1 sold ,– ,0 buyers ,– ,–
dereel,vic,3352,house,buy,all,1 houses ,6 sold ,41 days ,92 buyers ,2.7% ,–
wattle-flat,vic,3352,house,buy,all,0 houses ,0 sold ,– ,0 buyers ,– ,–
navigators,vic,3352,house,buy,all,0 houses ,6 sold ,72 days ,0 buyers ,– ,–
bolwarrah,vic,3352,house,buy,all,0 houses ,0 sold ,– ,0 buyers ,– ,–
mount-egerton,vic,3352,house,buy,all,3 houses ,13 sold ,64 days ,142 buyers ,2.3% ,"$765,000"
lamplough,vic,3352,house,buy,all,0 houses ,0 sold ,53 days ,0 buyers ,– ,–
langi-kal-kal,vic,3352,house,buy,all,0 houses ,1 sold ,47 days ,0 buyers ,– ,–
bungaree,vic,3352,house,buy,all,2 houses ,1 sold ,23 days ,32 buyers ,– ,–
magpie,vic,3352,house,buy,all,3 houses ,4 sold ,28 days ,95 buyers ,– ,–
clarendon,vic,3352,house,buy,all,2 houses ,1 sold ,20 days ,94 buyers ,3.6% ,–
millbrook,vic,3352,house,buy,all,0 houses ,0 sold ,– ,0 buyers ,– ,–
yendon,vic,3352,house,buy,all,1 houses ,1 sold ,27 days ,35 buyers ,– ,–
garibaldi,vic,3352,house,buy,all,2 houses ,0 sold ,– ,136 buyers ,– ,–
addington,vic,3352,house,buy,all,0 houses ,3 sold ,14 days ,0 buyers ,– ,–
wallace,vic,3352,house,buy,all,1 houses ,4 sold ,19 days ,28 buyers ,– ,–
mount-mercer,vic,3352,house,buy,all,0 houses ,1 sold ,– ,0 buyers ,– ,–
durham-lead,vic,3352,house,buy,all,2 houses ,3 sold ,18 days ,127 buyers ,– ,–
corindhap,vic,3352,house,buy,all,3 houses ,0 sold ,– ,66 buyers ,– ,–
grenville,vic,3352,house,buy,all,0 houses ,0 sold ,– ,0 buyers ,– ,–
napoleons,vic,3352,house,buy,all,3 houses ,12 sold ,54 days ,92 buyers ,– ,"$932,500"
pootilla,vic,3352,house,buy,all,1 houses ,1 sold ,15 days ,133 buyers ,2.1% ,–
burrumbeet,vic,3352,house,buy,all,0 houses ,0 sold ,– ,0 buyers ,2.8% ,–
dunnstown,vic,3352,house,buy,all,0 houses ,0 sold ,– ,0 buyers ,– ,–
sulky,vic,3352,house,buy,all,0 houses ,2 sold ,38 days ,0 buyers ,1.6% ,–
scotchmans-lead,vic,3352,house,buy,all,0 houses ,1 sold ,119 days ,0 buyers ,– ,–
cambrian-hill,vic,3352,house,buy,all,0 houses ,2 sold ,121 days ,0 buyers ,– ,–
windermere,vic,3352,house,buy,all,0 houses ,0 sold ,– ,0 buyers ,– ,–
springbank,vic,3352,house,buy,all,1 houses ,0 sold ,– ,21 buyers ,– ,–
brewster,vic,3352,house,buy,all,0 houses ,0 sold ,– ,0 buyers ,– ,–
invermay,vic,3352,house,buy,all,5 houses ,9 sold ,38 days ,411 buyers ,2.9% ,–
learmonth,vic,3352,house,buy,all,6 houses ,4 sold ,68 days ,285 buyers ,– ,–
mollongghip,vic,3352,house,buy,all,0 houses ,2 sold ,9 days ,0 buyers ,– ,–
leigh-creek,vic,3352,house,buy,all,0 houses ,0 sold ,– ,0 buyers ,– ,–
wendouree,vic,3355,house,buy,all,62 houses ,174 sold ,32 days ,1046 buyers ,3.9% ,"$480,000"
mitchell-park,vic,3355,house,buy,all,4 houses ,17 sold ,17 days ,111 buyers ,4.4% ,"$495,000"
lake-gardens,vic,3355,house,buy,all,4 houses ,27 sold ,22 days ,175 buyers ,3.2% ,"$720,000"
delacombe,vic,3356,house,buy,all,30 houses ,81 sold ,25 days ,712 buyers ,3.6% ,"$575,000"
sebastopol,vic,3356,house,buy,all,62 houses ,181 sold ,22 days ,1172 buyers ,4.0% ,"$465,000"
happy-valley,vic,3360,house,buy,all,1 houses ,2 sold ,43 days ,46 buyers ,3.7% ,–
mannibadar,vic,3360,house,buy,all,0 houses ,1 sold ,– ,0 buyers ,– ,–
mount-beckworth,vic,3363,house,buy,all,0 houses ,0 sold ,– ,0 buyers ,– ,–
creswick-north,vic,3363,house,buy,all,0 houses ,1 sold ,– ,0 buyers ,– ,–
dean,vic,3363,house,buy,all,1 houses ,0 sold ,– ,25 buyers ,3.7% ,–
tourello,vic,3363,house,buy,all,0 houses ,0 sold ,– ,0 buyers ,– ,–
creswick,vic,3363,house,buy,all,20 houses ,63 sold ,30 days ,708 buyers ,3.7% ,"$565,000"
glendaruel,vic,3363,house,buy,all,0 houses ,0 sold ,8 days ,0 buyers ,– ,–
barkstead,vic,3364,house,buy,all,0 houses ,1 sold ,13 days ,0 buyers ,– ,–
mount-prospect,vic,3364,house,buy,all,0 houses ,0 sold ,– ,0 buyers ,– ,–
ascot,vic,3364,house,buy,all,0 houses ,0 sold ,– ,0 buyers ,– ,–
broomfield,vic,3364,house,buy,all,1 houses ,2 sold ,117 days ,23 buyers ,4.2% ,–
glendonald,vic,3364,house,buy,all,0 houses ,0 sold ,– ,0 buyers ,– ,–
rocklyn,vic,3364,house,buy,all,0 houses ,0 sold ,– ,0 buyers ,2.9% ,–
smeaton,vic,3364,house,buy,all,3 houses ,4 sold ,39 days ,371 buyers ,– ,–
blampied,vic,3364,house,buy,all,3 houses ,2 sold ,183 days ,43 buyers ,3.1% ,–
newlyn-north,vic,3364,house,buy,all,1 houses ,0 sold ,– ,8 buyers ,– ,–
campbelltown,vic,3364,house,buy,all,0 houses ,1 sold ,– ,0 buyers ,– ,–
kingston,vic,3364,house,buy,all,2 houses ,4 sold ,85 days ,152 buyers ,– ,–
lawrence,vic,3364,house,buy,all,0 houses ,1 sold ,226 days ,0 buyers ,– ,–
clunes,vic,3370,house,buy,all,16 houses ,39 sold ,59 days ,768 buyers ,3.2% ,"$520,000"
ullina,vic,3370,house,buy,all,0 houses ,0 sold ,– ,0 buyers ,– ,–
glengower,vic,3370,house,buy,all,0 houses ,0 sold ,– ,0 buyers ,– ,–
lillicur,vic,3371,house,buy,all,0 houses ,2 sold ,176 days ,0 buyers ,– ,–
red-lion,vic,3371,house,buy,all,0 houses ,2 sold ,45 days ,0 buyers ,– ,–
evansford,vic,3371,house,buy,all,0 houses ,2 sold ,29 days ,0 buyers ,– ,–
burnbank,vic,3371,house,buy,all,0 houses ,1 sold ,139 days ,0 buyers ,– ,–
talbot,vic,3371,house,buy,all,5 houses ,8 sold ,30 days ,208 buyers ,6.3% ,–
amherst,vic,3371,house,buy,all,0 houses ,1 sold ,– ,0 buyers ,– ,–
dunach,vic,3371,house,buy,all,0 houses ,2 sold ,126 days ,0 buyers ,– ,–
trawalla,vic,3373,house,buy,all,0 houses ,0 sold ,– ,0 buyers ,– ,–
lake-goldsmith,vic,3373,house,buy,all,0 houses ,1 sold ,85 days ,0 buyers ,– ,–
nerring,vic,3373,house,buy,all,0 houses ,0 sold ,– ,0 buyers ,– ,–
main-lead,vic,3373,house,buy,all,0 houses ,1 sold ,– ,0 buyers ,– ,–
cross-roads,vic,3373,house,buy,all,0 houses ,0 sold ,– ,0 buyers ,– ,–
beaufort,vic,3373,house,buy,all,12 houses ,38 sold ,56 days ,539 buyers ,4.8% ,"$417,500"
stockyard-hill,vic,3373,house,buy,all,0 houses ,0 sold ,– ,0 buyers ,– ,–
buangor,vic,3375,house,buy,all,0 houses ,2 sold ,– ,0 buyers ,– ,–
ballyrogan,vic,3375,house,buy,all,0 houses ,1 sold ,– ,0 buyers ,– ,–
rocky-point,vic,3377,house,buy,all,0 houses ,0 sold ,– ,0 buyers ,– ,–
